BLDG|NAME|ADDRESS|CITY|STATE|ROOMS
1|University Auditorium|333 NEWELL DR|GAINESVILLE|FL|100
2|Linton E. Grinter Hall|1523 UNION RD|GAINESVILLE|FL|238
3|Col. Edgar S. Walker Hall|1489 UNION RD|GAINESVILLE|FL|101
4|George Peabody Hall|1500 UNION RD|GAINESVILLE|FL|182
5|George S. Smathers Library|1508 UNION RD|GAINESVILLE|FL|182
6|Nathan P. Bryan Hall|1384 UNION RD|GAINESVILLE|FL|181
7|James N. Anderson Hall|1507 W UNIVERSITY AV|GAINESVILLE|FL|174
8|Keene-Flint Hall|80 NEWELL DR|GAINESVILLE|FL|159
9|Townes R. Leigh Hall|165 BUCKMAN DR|GAINESVILLE|FL|257
10|B.H. Griffin - W.L. Floyd Hall|230 NEWELL DR|GAINESVILLE|FL|125
11|Annie D. Broward Hall|680 BROWARD DR|GAINESVILLE|FL|221
12|Peter Rolfs Hall|341 BUCKMAN DR|GAINESVILLE|FL|110
13|Wilmon E. Newell Hall|1700 STADIUM RD|GAINESVILLE|FL|150
14|Kathryn Chicone Ustler Hall|162 FLETCHER DR|GAINESVILLE|FL|63
15|Henry H. Buckman Hall|132 BUCKMAN DR|GAINESVILLE|FL|9
16|Andrew Sledd Hall|191 FLETCHER DR|GAINESVILLE|FL|30
17|William R. Thomas Hall|133 FLETCHER DR|GAINESVILLE|FL|21
18|Infirmary|280 FLETCHER DR|GAINESVILLE|FL|255
19|Farrior Hall|205 FLETCHER DR|GAINESVILLE|FL|132
20|Mary M. Reid Hall|1316 MUSEUM RD|GAINESVILLE|FL|189
21|Florida Gymnasium|1864 STADIUM RD|GAINESVILLE|FL|441
22|William G. Carleton Auditorium|1475 UNION RD|GAINESVILLE|FL|10
23|Gen. James A. Van Fleet Hall|2074 STADIUM RD|GAINESVILLE|FL|64
24|Joseph Weil Hall|1949 STADIUM RD|GAINESVILLE|FL|465
25|Chilled Water Plant #1|449 GALE LEMERAND DR|GAINESVILLE|FL|15
26|John J. Tigert Hall|300 SW 13TH ST|GAINESVILLE|FL|337
27|University Police|1555 MUSEUM RD|GAINESVILLE|FL|36
28|Chemistry Laboratory|125 BUCKMAN DR|GAINESVILLE|FL|266
29|David Stuzin Hall|1454 UNION RD|GAINESVILLE|FL|225
30|Rae O. Weimer Hall|1885 STADIUM RD|GAINESVILLE|FL|454
31|Marshall M. Criser Hall|1478 UNION RD|GAINESVILLE|FL|251
32|Hub|1765 STADIUM RD|GAINESVILLE|FL|217
33|Engineering|1064 CENTER DR|GAINESVILLE|FL|377
34|UF Information|357 FLETCHER DR|GAINESVILLE|FL|5
35|Computer Power Supply|343 FLETCHER DR|GAINESVILLE|FL|3
36|University Press|15 NW 15TH STREET|GAINESVILLE|FL|24
37|S.U.S. Press|15 NW 15TH STREET|GAINESVILLE|FL|17
38|T.W. Bryant Space Science Ctr|1772 STADIUM RD|GAINESVILLE|FL|216
39|Nancy W. Yulee Hall|1358 MUSEUM RD|GAINESVILLE|FL|40
40|CNS Generator|331 FLETCHER DR|GAINESVILLE|FL|1
41|Angela Mallory Hall|1367 INNER RD|GAINESVILLE|FL|64
42|Computer Sciences/Engineering|432 NEWELL DR|GAINESVILLE|FL|311
43|Robert Marston Science Library|444 NEWELL DR|GAINESVILLE|FL|159
44|Greenhouse, Grounds|2908 RADIO RD|GAINESVILLE|FL|4
45|Benjamin A. Tolbert Hall|2087 STADIUM RD|GAINESVILLE|FL|90
46|Greenhouse|2908 RADIO RD|GAINESVILLE|FL|3
47|Greenhouse, Plant Pathology|1447 SABAL PALM DR|GAINESVILLE|FL|1
48|CWP #1 Weil Cooling Towers|503 GALE LEMERAND DR|GAINESVILLE|FL|1
49|CWP #3 Walker Cooling Towers|1453 UNION RD|GAINESVILLE|FL|3
50|North Hall|2063 STADIUM RD|GAINESVILLE|FL|37
51|University Police Annex #1|1521 MUSEUM RD|GAINESVILLE|FL|34
52|Harold C. Riker Hall|2069 STADIUM RD|GAINESVILLE|FL|77
53|Rudolf Weaver Hall|562 GALE LEMERAND DR|GAINESVILLE|FL|70
54|Gerson Hall|1368 UNION RD|GAINESVILLE|FL|124
55|Greenhouse, Plant Pathology|1447 SABAL PALM DR|GAINESVILLE|FL|1
56|IFAS Restroom|UNK|GAINESVILLE|FL|1
57|Facilities Office|2307 MOWRY RD|GAINESVILLE|FL|6
58|IFAS Comm Services Storage|1494 SABAL PALM DR|GAINESVILLE|FL|5
59|Mcknight Brain Institute|1149 NEWELL DR|GAINESVILLE|FL|698
60|IFAS Communication Services|1408 SABAL PALM DR|GAINESVILLE|FL|34
61|CSE Generator|UNK|GAINESVILLE|FL|1
63|IFAS Office / Lab|1501 DATE PALM RD|GAINESVILLE|FL|10
64|Hough Hall|1404 UNION RD|GAINESVILLE|FL|183
65|Heavener Hall|1325 W UNIVERSITY AVE|GAINESVILLE|FL|5
67|Observatory|998 SWEETWATER DR|GAINESVILLE|FL|1
68|Research Laboratory|2043 IFAS RESEARCH DR|GAINESVILLE|FL|20
69|IFAS Communication Services|2343 MOWRY RD|GAINESVILLE|FL|35
70|Nanoscale Research Facility|1041 CENTER DR|GAINESVILLE|FL|120
71|Field Support|2039 IFAS RESEARCH DR|GAINESVILLE|FL|13
72|Pugh Hall|296 BUCKMAN DR|GAINESVILLE|FL|146
73|Rolfs Elevator Equipment Bldg|341 BUCKMAN DR|GAINESVILLE|FL|1
74|Greenhouse|2475 MEMORIAL RD|GAINESVILLE|FL|2
75|Veterinary Small Animal Hospital|2089 SW 16TH AV|GAINESVILLE|FL|283
77|University Women's Club|324 WOODLAWN DR|GAINESVILLE|FL|11
78|Plant Disease Clinic|2311 MOWRY RD|GAINESVILLE|FL|28
80|Catering Service Building|UNK|GAINESVILLE|FL|1
81|Counseling and Wellness Center|3190 RADIO RD|GAINESVILLE|FL|149
82|Cogeneration Plant|1928 MOWRY RD|GAINESVILLE|FL|1
83|Bat House 1|UNK|GAINESVILLE|FL|1
85|Agronomy Physiology Lab|1447 SABAL PALM DR|GAINESVILLE|FL|17
87|Teaching Support|1736 MCCARTY DR|GAINESVILLE|FL|10
88|Greenhouse, Plant Pathology|1447 SABAL PALM DR|GAINESVILLE|FL|1
90|Greenhouse, Plant Pathology|1447 SABAL PALM DR|GAINESVILLE|FL|1
91|O'Connell Ctr Storage|2132 STADIUM RD|GAINESVILLE|FL|3
92|Physics Building|2001 MUSEUM RD|GAINESVILLE|FL|496
93|Florida Outdoor Pool|150 FLETCHER DR|GAINESVILLE|FL|2
94|Stephen C. O'Connell Center|250 GALE LEMERAND DR|GAINESVILLE|FL|232
95|Wayne and Jimmie Carse Swim/Dive|2092 STADIUM RD|GAINESVILLE|FL|33
96|Storage Bldg|2668 HULL RD|GAINESVILLE|FL|1
97|Equipment Storage|1447 SABAL PALM DR|GAINESVILLE|FL|1
98|O'Connell Warmup Pool Plant|2048 STADIUM RD|GAINESVILLE|FL|3
99|Microkelvin Laboratory|1819 STADIUM RD|GAINESVILLE|FL|19
100|Robert C. Williamson Hall|1843 STADIUM RD|GAINESVILLE|FL|227
101|James W. Norman Hall|1221 SW 5TH AV|GAINESVILLE|FL|318
102|James W. Norman Gym|624 SW 12TH ST|GAINESVILLE|FL|38
103|James W. Norman Hall Addition|618 SW 12TH ST|GAINESVILLE|FL|351
105|The 105 Classroom Building|105 NW 16th ST|GAINESVILLE|FL|109
106|Office Building|2295 MOWRY RD|GAINESVILLE|FL|24
107|Field Lab, Forestry|1502 DATE PALM RD|GAINESVILLE|FL|12
108|Greenhouse, FLMNH|3065 Radio Rd|GAINESVILLE|FL|1
109|FLMNH Pole Barn|3073 RADIO RD|GAINESVILLE|FL|8
110|Steinbrenner Band Hall|1556 INNER RD|GAINESVILLE|FL|35
111|Manning J. Dauer Hall|228 BUCKMAN DR|GAINESVILLE|FL|305
113|Greenhouse, Soils|1738 STADIUM RD|GAINESVILLE|FL|1
114|Lab of Southeastern Archeology|3097 RADIO RD|GAINESVILLE|FL|12
116|IFAS Communication Services|2322 MOWRY RD|GAINESVILLE|FL|27
117|Music Building|435 NEWELL DR|GAINESVILLE|FL|149
118|Vet Med Isolation Barn|2195 MOWRY RD|GAINESVILLE|FL|8
120|Aquatic Food Prod. Pilot Plant|520 NEWELL DR|GAINESVILLE|FL|58
124|Facilities Office|1390 DATE PALM RD|GAINESVILLE|FL|32
125|Scott Linder Tennis Stadium|2337 SW 2ND AV|GAINESVILLE|FL|8
127|Presidents Residence|2151 W UNIVERSITY AVE|GAINESVILLE|FL|58
128|Agronomy Drying Facility|1493 MUSEUM DR|GAINESVILLE|FL|2
131|Percy L. Reed Laboratory|1901 STADIUM RD|GAINESVILLE|FL|51
132|Centrex|1577 MUSEUM RD|GAINESVILLE|FL|39
134|Duncan U. Fletcher Hall|72 BUCKMAN DR|GAINESVILLE|FL|34
135|Albert A. Murphree Hall|110 FLETCHER DR|GAINESVILLE|FL|66
147|Agronomy Plant Intro Lab|2185 RITCHY RD|GAINESVILLE|FL|1
148|Parking Garage 7 (O'Connell Center)|226 GALE LEMERAND DR|GAINESVILLE|FL|6
150|Wildlife Ecology|1746 MCCARTY DR|GAINESVILLE|FL|16
151|Varsity Tennis Building|2363 SW 2ND AV|GAINESVILLE|FL|10
152|Crops and Soils Field Lab|2024 IFAS RESEARCH DR|GAINESVILLE|FL|7
153|Development and Alumni Affairs|100 NW 20TH ST|GAINESVILLE|FL|91
154|Storage Bldg|2350 MOWRY RD|GAINESVILLE|FL|7
155|Florida Field South End Zone|1950 STADIUM RD|GAINESVILLE|FL|193
157|Ben Hill Griffin Stadium|245 GALE LEMERAND DR|GAINESVILLE|FL|501
158|Yon Hall|1908 STADIUM RD|GAINESVILLE|FL|270
159|Florida Field North End Zone|121 GALE LEMERAND DR|GAINESVILLE|FL|104
160|Heritage Hall|105 GALE LEMERAND DR|GAINESVILLE|FL|67
161|Pump House (Ocala Pond)|1334 INNER RD|GAINESVILLE|FL|1
162|IFAS Information Technologies|1740 MCCARTY DR|GAINESVILLE|FL|24
163|North End Zone Cooling Tower|138 FLETCHER DR|GAINESVILLE|FL|1
164|Pesticide Information|2306 MOWRY RD|GAINESVILLE|FL|37
165|Deriso Hall|2030 SHEALY DR|GAINESVILLE|FL|51
166|Parking Garage 9 (Archer Rd S)|1995 SW ARCHER RD|GAINESVILLE|FL|5
168|Mycology Lab|2668 HULL RD|GAINESVILLE|FL|9
169|Criser CIB|UNK|GAINESVILLE|FL|2
170|Davis Cancer Pavilion|1535 GALE LEMERAND DR|GAINESVILLE|FL|603
171|Shands Medical Plaza B|1549 GALE LEMERAND DR|GAINESVILLE|FL|424
172|Newell Annex|1748 STADIUM RD|GAINESVILLE|FL|21
173|Parking Garage 9 (Archer Rd N)|1995 SW ARCHER RD|GAINESVILLE|FL|5
175|Wilmot Gardens Administration Building|2023 MOWRY RD|GAINESVILLE|FL|11
176|Pump House (Gator Pond)|1463 STADIUM RD|GAINESVILLE|FL|1
177|Vet Science Parasite Lab|2171 MOWRY RD|GAINESVILLE|FL|22
179|EH&S Administrative Offices|916 NEWELL DR|GAINESVILLE|FL|84
180|Fiber Hut Mae|645 GALE LEMERAND DR|GAINESVILLE|FL|2
181|Joshua C. Dickinson Hall|1659 MUSEUM RD|GAINESVILLE|FL|196
182|Field Lab/Trailer, Forestry|2333 MOWRY RD|GAINESVILLE|FL|3
183|Mechanical and Aerospace Engineering C|571 GALE LEMERAND DR|GAINESVILLE|FL|72
184|Frederick N Rhines Hall|549 GALE LEMERAND DR|GAINESVILLE|FL|162
185|Bryan Fire Pump Building|1398 UNION RD|GAINESVILLE|FL|1
191|Field Lab, Forestry|2319 MOWRY RD|GAINESVILLE|FL|9
193|Agronomy Cytology Laboratory|1447 SABAL PALM DR|GAINESVILLE|FL|3
194|Agronomy Volatile Storage|1447 SABAL PALM DR|GAINESVILLE|FL|1
197|UF Substation #7|1455 UNION RD|GAINESVILLE|FL|1
198|CNS Storage|1062 MUSEUM RD|GAINESVILLE|FL|1
199|Warehouse|1437 DATE PALM RD|GAINESVILLE|FL|4
200|Drying Facility, Forestry|2333 MOWRY RD|GAINESVILLE|FL|1
201|Academic Research Building|1200 NEWELL DR|GAINESVILLE|FL|714
202|Shands Patient Services Bldg|1600 SW ARCHER RD|GAINESVILLE|FL|2,251
203|Communicore|1249 CENTER DR|GAINESVILLE|FL|774
204|General Services|1361 CENTER DR|GAINESVILLE|FL|138
205|Dental Science|1395 CENTER DR|GAINESVILLE|FL|1,578
206|Basic Science Building|1333 CENTER DR|GAINESVILLE|FL|199
207|Parking Garage 1 (Shands East)|1231 NEWELL DR|GAINESVILLE|FL|28
208|Parking Garage 10 (Shands E)|1269 NEWELL DR|GAINESVILLE|FL|32
209|Parking Garage 2 (Shands West)|1831 MOWRY RD|GAINESVILLE|FL|13
211|Sanitary Lift Station L1|1858 MOWRY RD|GAINESVILLE|FL|7
212|Health Prof, Nursing and Pharmacy|1225 CENTER DR|GAINESVILLE|FL|712
213|Biomedical Sciences Building|1275 CENTER DR|GAINESVILLE|FL|549
215|Veterinary Clinical Sciences|2015 SW 16TH AV|GAINESVILLE|FL|425
216|Vet Med Food Animal Clinic|2221 SHEALY DR|GAINESVILLE|FL|35
217|Vet Med Metabolic Building|1963 SW 16TH AV|GAINESVILLE|FL|51
218|Vet Med Equine Barn|1951 SW 16TH AV|GAINESVILLE|FL|7
220|VA Education Building #14|UNK|GAINESVILLE|FL|11
221|VAB Auditorium|UNK|GAINESVILLE|FL|9
222|Vet Med Pole Barn|UNK|GAINESVILLE|FL|1
224|Vet Med Dog Track Control Twr|UNK|GAINESVILLE|FL|2
226|Microfabritech East|2320 Surge Area Drive|GAINESVILLE|FL|25
227|Agricultural Engineering Shop|1505 MUSEUM DR|GAINESVILLE|FL|11
228|Schiebler CMS|1701A SW 16TH AVENUE|GAINESVILLE|FL|211
229|UF Substation #5|2291 MUSEUM RD|GAINESVILLE|FL|1
230|UF Substation #3|1532 STADIUM RD|GAINESVILLE|FL|1
231|UF Substation #4|899 NEWELL DR|GAINESVILLE|FL|1
233|UF Substation #6|UNK|GAINESVILLE|FL|1
234|UF Substation #1|429 GALE LEMERAND DR|GAINESVILLE|FL|1
236|Florida Pool Compressor Bldg|UNK|GAINESVILLE|FL|1
238|Equipment Storage|1354 DATE PALM RD|GAINESVILLE|FL|1
241|Solar Energy Test House 1|2610 SW 23RD TER|GAINESVILLE|FL|4
242|Solar Energy Test House 2|2610 SW 23RD TER|GAINESVILLE|FL|17
243|Environmental Biotech. Lab|2610 SW 23RD TER|GAINESVILLE|FL|6
245|Bioremediation Lab|2610 SW 23RD TER|GAINESVILLE|FL|1
246|Environmental Microbiology|2610 SW 23RD TER|GAINESVILLE|FL|14
247|Solar Engineering Laboratory|2610 SW 23RD TER|GAINESVILLE|FL|7
249|Solar Energy Well House|UNK|GAINESVILLE|FL|1
250|Microfabritech Containment Shelt|2230 SURGE AREA DR|GAINESVILLE|FL|1
253|University Foundation Annex|100 NW 20th ST|GAINESVILLE|FL|66
254|Parking Garage Complex|1273 GALE LEMERAND DR|GAINESVILLE|FL|97
255|Gator Band Shell|605 WOODLAWN DR|GAINESVILLE|FL|1
256|Gator Band Shell Restrooms|2174 MUSEUM RD|GAINESVILLE|FL|3
257|Recreational Tennis Facility|2166 MUSEUM RD|GAINESVILLE|FL|3
258|Weed Sciences Field Building|1425 MUSEUM DR|GAINESVILLE|FL|16
261|Emerson Alumni Hall|1938 WEST UNIVERSITY AVE|GAINESVILLE|FL|164
263|IFAS Pump House|UNK|GAINESVILLE|FL|1
265|Student RecreationandFitness Ctr|244 FLETCHER DR|GAINESVILLE|FL|66
266|Racquet Club Dining Center|222 FLETCHER DR|GAINESVILLE|FL|35
267|Ralph D. Turlington Hall|330 NEWELL DR|GAINESVILLE|FL|597
268|Architecture|1480 INNER RD|GAINESVILLE|FL|236
269|Fine Arts D|1357 STADIUM RD|GAINESVILLE|FL|94
270|Physical Plant Training Trlr|908 MAGNOLIA DR|GAINESVILLE|FL|2
271|Shands Facilities Administration|1281 NEWELL DR|GAINESVILLE|FL|1
272|M.E. Rinker Hall|573 NEWELL DR|GAINESVILLE|FL|104
276|Corry|587 CORRY CIR|GAINESVILLE|FL|8
277|Corry|637 CORRY CIR|GAINESVILLE|FL|16
278|Corry|661 CORRY CIR|GAINESVILLE|FL|16
279|Corry|703 CORRY CIR|GAINESVILLE|FL|16
280|Corry|771 CORRY CIR|GAINESVILLE|FL|16
281|Corry|561 CORRY CIR|GAINESVILLE|FL|16
282|Corry|629 CORRY CIR|GAINESVILLE|FL|16
283|Corry|653 CORRY CIR|GAINESVILLE|FL|16
284|Corry|677 CORRY CIR|GAINESVILLE|FL|16
285|Corry|739 CORRY CIR|GAINESVILLE|FL|16
286|Corry|523 CORRY CIR|GAINESVILLE|FL|16
0287_OLD|Corry Laundry and Maint|620 VILLAGE DR|GAINESVILLE|FL|37
288|Corry|517 CORRY CIR|GAINESVILLE|FL|24
289|Corry|658 VILLAGE DR|GAINESVILLE|FL|24
295|Chilled Water Plant #4|3113 HULL RD|GAINESVILLE|FL|4
296|Diamond|1394 DIAMOND RD|GAINESVILLE|FL|1
297|Diamond|1336 DIAMOND RD|GAINESVILLE|FL|1
298|Diamond|1322 DIAMOND RD|GAINESVILLE|FL|1
299|Diamond|1452 DIAMOND RD|GAINESVILLE|FL|1
300|Diamond|1382 DIAMOND RD|GAINESVILLE|FL|1
301|Diamond|1344 DIAMOND RD|GAINESVILLE|FL|1
302|Diamond|1498 DIAMOND RD|GAINESVILLE|FL|1
303|Diamond|1444 DIAMOND RD|GAINESVILLE|FL|1
304|Diamond|1376 DIAMOND RD|GAINESVILLE|FL|1
305|Diamond|1482 DIAMOND RD|GAINESVILLE|FL|1
306|Diamond|1436 DIAMOND RD|GAINESVILLE|FL|1
307|Diamond|1402 DIAMOND RD|GAINESVILLE|FL|8
308|Powell Hall (FLMNH)|3215 HULL RD|GAINESVILLE|FL|85
309|Samuel P. Harn Museum of Art|3259 HULL RD|GAINESVILLE|FL|190
315|Phillips Center For The Performing Arts|3201 HULL RD|GAINESVILLE|FL|116
316|SW Recreational Sports Facility|3150 HULL RD|GAINESVILLE|FL|136
317|Chilled Water Plant #6|2960 HULL RD|GAINESVILLE|FL|5
318|University Village|1537 BLUE CIR|GAINESVILLE|FL|2
319|University Village|1529 BLUE CIR|GAINESVILLE|FL|2
320|University Village|1483 BLUE CIR|GAINESVILLE|FL|2
321|University Village|1427 BLUE CIR|GAINESVILLE|FL|2
322|University Village|1551 BLUE CIR|GAINESVILLE|FL|2
323|University Village|1499 BLUE CIR|GAINESVILLE|FL|2
324|University Village|1465 BLUE CIR|GAINESVILLE|FL|2
325|University Village|1383 BLUE CIR|GAINESVILLE|FL|2
326|University Village|1563 BLUE CIR|GAINESVILLE|FL|2
327|University Village|1520 ORANGE DR|GAINESVILLE|FL|2
328|University Village|1488 ORANGE DR|GAINESVILLE|FL|2
329|University Village|1458 ORANGE DR|GAINESVILLE|FL|2
330|University Village|1434 ORANGE DR|GAINESVILLE|FL|2
331|University Village|1406 ORANGE DR|GAINESVILLE|FL|2
332|University Village|1544 ORANGE DR|GAINESVILLE|FL|2
333|University Village|1422 ORANGE DR|GAINESVILLE|FL|2
334|University Village Laundry|1476 ORANGE DR|GAINESVILLE|FL|1
335|ACS Storage|1632 SW 34TH ST|GAINESVILLE|FL|1
336|ACS Housing|1632 SW 34TH ST|GAINESVILLE|FL|23
337|ACS Housing #5|1632 SW 34TH ST|GAINESVILLE|FL|1
338|Wildlife Field Lab|2005 SW 23RD ST|GAINESVILLE|FL|3
339|IFAS Wildlife Ecology Lab|2005 SW 23RD ST|GAINESVILLE|FL|12
340|IFAS Wildlife Ecology Lab|2005 SW 23RD ST|GAINESVILLE|FL|5
341|Mcguire Ctr For Lepidoptera Research|3215 HULL RD|GAINESVILLE|FL|90
342|IFAS Storage (Agy)|2005 SW 23RD ST|GAINESVILLE|FL|2
343|Wildlife Field Lab|2005 SW 23RD ST|GAINESVILLE|FL|5
344|IFAS Laboratory (Agy)|2005 SW 23RD ST|GAINESVILLE|FL|6
345|IFAS Laboratory (Agy)|2005 SW 23RD ST|GAINESVILLE|FL|8
346|Entomology Shop|2027 NATURAL AREA DR|GAINESVILLE|FL|1
347|Rec Facilities Score Keeper|1341 BLEDSOE DR|GAINESVILLE|FL|9
348|University Village Storage|UNK|GAINESVILLE|FL|1
349|Lepidoptera Res Ctr Greenhouse|3215 HULL RD|GAINESVILLE|FL|1
350|Bio-Control Laboratory|2005 SW 23RD ST|GAINESVILLE|FL|11
351|Borc Gatehouse|647 BROWARD DR|GAINESVILLE|FL|1
352|Borc Restroom|647 BROWARD DR|GAINESVILLE|FL|9
353|Borc Pavilion|647 BROWARD DR|GAINESVILLE|FL|1
355|Murphree Hall Area Commons|54 BUCKMAN DR|GAINESVILLE|FL|20
356|Pool Maintenance Bldg-Housing|639 BROWARD DR|GAINESVILLE|FL|1
357|Pool Maintenance Bldg-Housing|2096 MUSEUM RD|GAINESVILLE|FL|1
358|Parking Garage 4 (Museum Rd)|759 NEWELL DR|GAINESVILLE|FL|20
359|Gator Corner Dining Center|2021 STADIUM RD|GAINESVILLE|FL|33
360|Greenhouse, Agronomy|UNK|GAINESVILLE|FL|8
361|Housing Bus Shelter at Maguire|1396 ORANGE DR|GAINESVILLE|FL|1
362|Housing Bus Shelter at Corry|502 CORRY CIR|GAINESVILLE|FL|1
363|Florida Power Substation|1928 MOWRY RD|GAINESVILLE|FL|1
364|Parking Garage 3 (Shands West)|1879 MOWRY RD|GAINESVILLE|FL|21
365|Maguire 1|1303 BLUE CIR|GAINESVILLE|FL|2
366|Maguire 2|1201 BLUE CIR|GAINESVILLE|FL|2
367|Maguire 3|1309 BLUE CIR|GAINESVILLE|FL|2
368|Maguire 4|1255 BLUE CIR|GAINESVILLE|FL|2
369|Maguire 5|1229 BLUE CIR|GAINESVILLE|FL|2
370|Maguire 6|1215 BLUE CIR|GAINESVILLE|FL|2
371|Maguire 7|1197 BLUE CIR|GAINESVILLE|FL|2
372|Maguire 8|1163 BLUE CIR|GAINESVILLE|FL|2
373|Maguire 9|1386 ORANGE DR|GAINESVILLE|FL|2
374|Maguire 10|1271 BLUE CIR|GAINESVILLE|FL|2
375|Maguire 11|1247 BLUE CIR|GAINESVILLE|FL|2
376|Maguire 12|1129 BLUE CIR|GAINESVILLE|FL|2
377|Maguire 13|1214 ORANGE DR|GAINESVILLE|FL|10
378|Maguire 14|1135 BLUE CIR|GAINESVILLE|FL|2
379|Maguire 15|1378 ORANGE DR|GAINESVILLE|FL|2
380|Maguire 16|1360 ORANGE DR|GAINESVILLE|FL|2
381|Maguire 17|1372 ORANGE DR|GAINESVILLE|FL|2
382|Maguire 18|1296 ORANGE DR|GAINESVILLE|FL|2
383|Maguire 19|1206 ORANGE DR|GAINESVILLE|FL|2
384|Maguire 20|1172 ORANGE DR|GAINESVILLE|FL|2
385|Maguire 21|1119 BLUE CIR|GAINESVILLE|FL|2
386|Maguire 22|1112 ORANGE DR|GAINESVILLE|FL|2
387|Maguire 23|1318 ORANGE DR|GAINESVILLE|FL|2
388|Maguire 24|1292 ORANGE DR|GAINESVILLE|FL|2
389|Maguire 25|1270 ORANGE DR|GAINESVILLE|FL|2
390|Maguire 26|1274 ORANGE DR|GAINESVILLE|FL|2
391|Maguire 27|1202 ORANGE DR|GAINESVILLE|FL|2
392|Maguire 28|1194 ORANGE DR|GAINESVILLE|FL|2
393|Maguire 29|1158 ORANGE DR|GAINESVILLE|FL|2
394|Maguire Pool Filtration|UNK|GAINESVILLE|FL|1
395|Maguire Pool Restroom|UNK|GAINESVILLE|FL|1
397|Parking Garage 5 (N/S Drive)|966 GALE LEMERAND DR|GAINESVILLE|FL|26
399|Sigma Nu|2371 WEST FRATERNITY DR|GAINESVILLE|FL|27
400|Kappa Alpha|763 FRATERNITY DR|GAINESVILLE|FL|40
406|Walter J. Matherly Hall|1405 W UNIVERSITY AV|GAINESVILLE|FL|241
407|Delta Gamma|808 W Panhellenic DR|GAINESVILLE|FL|75
408|Alpha Omicron Pi|819 W Panhellenic DR|GAINESVILLE|FL|32
409|Alpha Delta Pi|831 W Panhellenic DR|GAINESVILLE|FL|38
410|Zeta Tau Alpha|1142 E Panhellenic DR|GAINESVILLE|FL|37
411|Delta Delta Delta|1134 E Panhellenic DR|GAINESVILLE|FL|77
412|Sigma Kappa|1108 E Panhellenic DR|GAINESVILLE|FL|27
413|Alpha Chi Omega|820 W Panhellenic DR|GAINESVILLE|FL|36
414|Chi Omega|807 W Panhellenic DR|GAINESVILLE|FL|73
415|Kappa Delta|1122 E Panhellenic DR|GAINESVILLE|FL|40
416|Phi Mu|1152 E Panhellenic DR|GAINESVILLE|FL|27
417|Alpha Epsilon Phi|832 W Panhellenic DR|GAINESVILLE|FL|31
418|Pi Beta Phi|2489 WEST FRATERNITY DR|GAINESVILLE|FL|22
419|Chi Phi|2228 MUSEUM RD|GAINESVILLE|FL|28
420|Sigma Alpha Epsilon|2256 MUSEUM RD|GAINESVILLE|FL|36
421|Lambda Chi Alpha|2274 MUSEUM RD|GAINESVILLE|FL|29
422|Zeta Beta Tau|2290 MUSEUM RD|GAINESVILLE|FL|60
423|Delta Chi|725 FRATERNITY DR|GAINESVILLE|FL|58
424|Phi Gamma Delta|667 FRATERNITY DR|GAINESVILLE|FL|1
425|Sigma Chi|611 FRATERNITY DR|GAINESVILLE|FL|35
426|Tau Epsilon Phi|555 FRATERNITY DR|GAINESVILLE|FL|1
427|Theta Chi|501 FRATERNITY DR|GAINESVILLE|FL|68
428|Zeta Beta Tau|419 Fraternity Drive|GAINESVILLE|FL|1
429|Telecommunications|3252 RADIO RD|GAINESVILLE|FL|13
430|Beta Theta Pi|2315 FRATERNITY DR|GAINESVILLE|FL|34
431|Alpha Epsilon Pi|2303 FRATERNITY DR|GAINESVILLE|FL|102
432|Pi Lambda Phi|2285 FRATERNITY DR|GAINESVILLE|FL|2
433|IFAS Pump House|2185 RITCHY RD|GAINESVILLE|FL|1
434|Behavior Lab Annex|3091 RADIO RD|GAINESVILLE|FL|1
437|Fiber Hut Elmore|1063 ELMORE DR|GAINESVILLE|FL|2
440|IFAS Extension Bookstore|1374 SABAL PALM DR|GAINESVILLE|FL|10
441|Greenhouse, Vegetable Crops|1703 IFAS RESEARCH DR|GAINESVILLE|FL|2
442|Parking Garage 8 (Norman)|1210 SW 8TH AV|GAINESVILLE|FL|19
444|Greenhouse, Plant Pathology|1447 SABAL PALM DR|GAINESVILLE|FL|1
445|Stetson Medical Sciences|1345 CENTER DR|GAINESVILLE|FL|1,419
446|William A. Shands Teaching Hospital|1600 SW ARCHER RD|GAINESVILLE|FL|1,947
448|Century Tower|375 NEWELL DR|GAINESVILLE|FL|13
452|Baby Gator Storage|UNK|GAINESVILLE|FL|1
454|Human Development Center|1244 NEWELL DR|GAINESVILLE|FL|338
455|Storage Bldg|1703 IFAS RESEARCH DR|GAINESVILLE|FL|2
456|Vending Machines Shelter|1684 MCCARTY DR|GAINESVILLE|FL|1
457|Shands In-Patient MRI Building|1302 NEWELL DR|GAINESVILLE|FL|17
458|Vegetable Crops Classlab/Stor|1703 IFAS RESEARCH DR|GAINESVILLE|FL|9
459|Animal Sciences Building|2250 SHEALY DR|GAINESVILLE|FL|210
461|Aquatic Products Lab|586 NEWELL DR|GAINESVILLE|FL|46
462|Shepard Broad Building|1300 CENTER DR|GAINESVILLE|FL|66
463|Greenhouse, Vegetable Crops|1703 IFAS RESEARCH DR|GAINESVILLE|FL|2
464|Alcohol Storage Facility|2908 RADIO RD.|Gainesville|FL|1
465|Elmore Hall For Admin Services|971 ELMORE DR|GAINESVILLE|FL|55
466|Animal Science Physiology Barn|2108 SHEALY DR|GAINESVILLE|FL|5
467|Pump House (E&G)|552 NEWELL DR|GAINESVILLE|FL|1
468|Greenhouse, Grounds|2908 RADIO RD|GAINESVILLE|FL|7
469|Greenhouse, Hort Sciences|1703 IFAS RESEARCH DR|GAINESVILLE|FL|1
471|Veterinary Science|2187 MOWRY RD|GAINESVILLE|FL|36
473|Lacy Rabon Chilled Water Plant|1858 MOWRY RD|GAINESVILLE|FL|22
474|Frazier Rogers Hall|1741 MUSEUM RD|GAINESVILLE|FL|167
475|Food Science and Human Nutrition|572 NEWELL DR|GAINESVILLE|FL|166
476|Mccarty Storage|564 NEWELL DR|GAINESVILLE|FL|1
478|Animal Building|2126 SHEALY DR|GAINESVILLE|FL|12
483|Animal Science Preparation Bld|2108 SHEALY DR|GAINESVILLE|FL|5
484|Straughn Extension Professional Development Center|2142 SHEALY DRIVE|GAINESVILLE|FL|69
485|Greenhouse, Agronomy|1817 MUSEUM RD|GAINESVILLE|FL|9
486|Greenhouse, Plant Pathology|1447 SABAL PALM DR|GAINESVILLE|FL|2
487|Greenhouse, Plant Pathology|1447 SABAL PALM DR|GAINESVILLE|FL|1
488|Greenhouse, Plant Pathology|1447 SABAL PALM DR|GAINESVILLE|FL|1
489|Greenhouse, Plant Pathology|1447 SABAL PALM DR|GAINESVILLE|FL|1
490|Greenhouse, Nematology|2350 MOWRY RD|GAINESVILLE|FL|1
491|Greenhouse, Entomology|2027 NATURAL AREA DR|GAINESVILLE|FL|1
492|Greenhouse, Entomology|2027 NATURAL AREA DR|GAINESVILLE|FL|1
493|Food Science Storage|1642 SW 23RD DR|GAINESVILLE|FL|1
494|UF Substation #2|1878 MOWRY RD|GAINESVILLE|FL|1
495|Dan McCarty Hall A|1692 MCCARTY DR|GAINESVILLE|FL|179
496|Dan McCarty Hall B|1676 MCCARTY DR|GAINESVILLE|FL|161
497|Dan McCarty Hall C|1688 MCCARTY DR|GAINESVILLE|FL|113
498|Dan McCarty Hall D|1604 MCCARTY DR|GAINESVILLE|FL|261
499|Animal Sciences Building|2250 SHEALY DR|GAINESVILLE|FL|90
500|Fiber Hut CSE|UNK|GAINESVILLE|FL|2
501|Plant Growth Room|2501 HULL RD|GAINESVILLE|FL|7
505|Greenhouse, Agronomy|2350 MOWRY RD|GAINESVILLE|FL|1
506|Baseball Stadium Ticket Booth|240 Gale Lemerand Dr|GAINESVILLE|FL|2
507|Greenhouse, Plant Pathology|2350 MOWRY RD|GAINESVILLE|FL|1
508|CNS Field Station|1062 MUSEUM RD|GAINESVILLE|FL|17
525|Materials Storage|1437 DATE PALM RD|GAINESVILLE|FL|1
541|Housing Furniture Shop|2227 SURGE AREA DR|GAINESVILLE|FL|1
543|Agricultural Engineering Bldg|1505 MUSEUM DR|GAINESVILLE|FL|1
546|Physical Plant Storage|902 MAGNOLIA DR|GAINESVILLE|FL|2
547|Animal Science Solvent Storage|2250 SHEALY DR|GAINESVILLE|FL|2
548|Chemical Storage|2043 IFAS RESEARCH DR|GAINESVILLE|FL|1
550|Research Laboratory|2047 IFAS RESEARCH DR|GAINESVILLE|FL|12
551|Rawlings Plaza Annex|649 NEWELL DR|Gainesville|Fl|8
552|Florida Pool Office/Lockers|UNK|GAINESVILLE|FL|7
553|Marjorie K. Rawlings Hall|651 NEWELL DR|GAINESVILLE|FL|64
554|Nuclear Field Building|2230 SURGE AREA DR|GAINESVILLE|FL|21
555|Information Booth, University|UNK|GAINESVILLE|FL|1
556|Little Hall Express|1456 STADIUM RD|GAINESVILLE|FL|6
557|Nuclear Reactor|1917 STADIUM RD|GAINESVILLE|FL|50
559|Norman Mehrhof Hall|2046 IFAS RESEARCH DR|GAINESVILLE|FL|25
560|Mckethan Baseball Stadium|2190 STADIUM RD|GAINESVILLE|FL|37
561|Headhouse|2296 MOWRY RD|GAINESVILLE|FL|9
562|James G. Pressly Stadium|325 WOODLAWN DR|GAINESVILLE|FL|18
571|Coastal Engineering Wave Tank|1300 SW 6TH ST|GAINESVILLE|FL|9
572|Coastal Engineering Test Lab|1300 SW 6TH ST|GAINESVILLE|FL|4
573|Sports Field House|2156 STADIUM RD|GAINESVILLE|FL|17
574|Hume Hall Staff Apartments|2107 MUSEUM RD|GAINESVILLE|FL|1
575|Hume Hall East Residence|2103 MUSEUM RD|GAINESVILLE|FL|2
576|Hume Hall Commons Building|2129 MUSEUM RD|GAINESVILLE|FL|12
577|Hume Hall West Residence|2165 MUSEUM RD|GAINESVILLE|FL|4
578|Hume Hall Support Building|2183 MUSEUM RD|GAINESVILLE|FL|1
580|Coastal Engineering Lab|1300 SW 6TH ST|GAINESVILLE|FL|8
584|Headhouse|1447 SABAL PALM DR|GAINESVILLE|FL|5
585|Greenhouse, Plant Pathology|1447 SABAL PALM DR|GAINESVILLE|FL|2
586|Greenhouse, Plant Pathology|1447 SABAL PALM DR|GAINESVILLE|FL|2
587|Solar Energy Test House|2610 SW 23RD TER|GAINESVILLE|FL|2
588|Harry R. Trusler Hall|2088 MUSEUM RD|GAINESVILLE|FL|39
589|Graham Area Office|716 GALE LEMERAND DR|GAINESVILLE|FL|36
590|Thomas M. Simpson Hall|2080 MUSEUM RD|GAINESVILLE|FL|42
591|Klein H. Graham Hall|684 GALE LEMERAND DR|GAINESVILLE|FL|38
592|East Hall|528 GALE LEMERAND DR|GAINESVILLE|FL|54
593|May A. Mann Jennings Hall A|1509 MUSEUM RD|GAINESVILLE|FL|49
594|May A. Mann Jennings Hall B|1509 MUSEUM RD|GAINESVILLE|FL|21
595|May A. Mann Jennings Hall C|1509 MUSEUM RD|GAINESVILLE|FL|61
596|May A. Mann Jennings Hall Office|1515 MUSEUM RD|GAINESVILLE|FL|48
597|Fine Arts A|1389 STADIUM RD|GAINESVILLE|FL|44
598|Fine Arts B|400 SW 13TH ST|GAINESVILLE|FL|22
599|Fine Arts C|1370 INNER RD|GAINESVILLE|FL|169
602|ACS Storage|1632 SW 34TH ST|GAINESVILLE|FL|1
603|Animal Facility Kennel Core Bldg|1632 SW 34TH ST|GAINESVILLE|FL|14
604|ACS Housing #2|1632 SW 34TH ST|GAINESVILLE|FL|1
605|ACS Laundry|1632 SW 34TH ST|GAINESVILLE|FL|9
607|Coastal Engingeering Lab|1300 SW 6TH ST|GAINESVILLE|FL|6
608|ACS Storage|1632 SW 34TH ST|GAINESVILLE|FL|1
609|Surplus Property Warehouse|918 ELMORE DR|GAINESVILLE|FL|5
610|Sanitary Lift Station L2|2466 MUSEUM RD|GAINESVILLE|FL|2
612|Bike Shelter (N/S Dr/Commuter)|UNK|GAINESVILLE|FL|1
613|Sun Shelter|1216 NEWELL DR|GAINESVILLE|FL|1
614|Vet Med Pasture Pole Barn|UNK|GAINESVILLE|FL|1
615|IFAS Wildlife Ecology Storage|2668 HULL RD|GAINESVILLE|FL|3
616|Agric Engineering Field Lab|1505 MUSEUM DR|GAINESVILLE|FL|4
618|Greenhouse, Entomology|2350 MOWRY RD|GAINESVILLE|FL|1
619|Entomology Field Laboratory|2350 MOWRY RD|GAINESVILLE|FL|6
620|Storage Bldg|UNK|GAINESVILLE|FL|1
621|Greenhouse, Plant Pathology|1447 SABAL PALM DR|GAINESVILLE|FL|1
622|Greenhouse, Plant Pathology|1447 SABAL PALM DR|GAINESVILLE|FL|1
623|Greenhouse, Plant Pathology|1447 SABAL PALM DR|GAINESVILLE|FL|1
624|Greenhouse|2005 SW 23RD ST|GAINESVILLE|FL|1
627|Animal Science Hay Barn|2108 SHEALY DR|GAINESVILLE|FL|2
628|Animal Science Pole Barn|2108 SHEALY DR|GAINESVILLE|FL|1
630|Grounds Storage Building|906 ELMORE DRIVE|GAINESVILLE|FL|2
631|Wallace Building|2390 MOWRY RD|GAINESVILLE|FL|26
633|ACS Storage|1632 SW 34TH ST|GAINESVILLE|FL|1
634|Nuclear Sciences|1929 STADIUM RD|GAINESVILLE|FL|216
635|Racing Lab Annex|UNK|GAINESVILLE|FL|17
637|Vet Science Volatile Storage|2195 MOWRY RD|GAINESVILLE|FL|1
638|Nematode Plot Shelter|2350 MOWRY RD|GAINESVILLE|FL|1
639|Conferences and Institutes|2372 MOWRY RD|GAINESVILLE|FL|18
641|ACS Housing|1632 SW 34TH ST|GAINESVILLE|FL|40
642|Greenhouse, Entomology|2350 MOWRY RD|GAINESVILLE|FL|1
643|Nematology Field Lab|2350 MOWRY RD|GAINESVILLE|FL|5
644|Greenhouse, Entomology|2350 MOWRY RD|GAINESVILLE|FL|1
645|Greenhouse, Forestry|2333 MOWRY RD|GAINESVILLE|FL|1
647|UAA Maintenance Storage|2201 SW 2ND AV|GAINESVILLE|FL|6
648|Field Storage|UNK|GAINESVILLE|FL|1
649|Greenhouse, Agronomy|2350 MOWRY RD|GAINESVILLE|FL|1
650|Greenhouse, Plant Pathology|1447 SABAL PALM DR|GAINESVILLE|FL|1
651|Greenhouse, Agronomy|1493 MUSEUM DR|GAINESVILLE|FL|1
655|Winston W. Little Hall|1400 STADIUM RD|GAINESVILLE|FL|280
656|Baseball Locker Room Facility|2168 STADIUM RD|GAINESVILLE|FL|61
657|Delta Phi Epsilon|1115 SW 9th Av|GAINESVILLE|FL|32
658|Agronomy Plant Introduct. Lab|2185 RITCHY RD|GAINESVILLE|FL|1
659|Greenhouse, Botany|1817 MUSEUM RD|GAINESVILLE|FL|1
660|Headhouse/Greenhouse|2350 MOWRY RD|GAINESVILLE|FL|8
662|Storage Bldg|2185 RITCHY RD|GAINESVILLE|FL|1
663|Warehouse|1437 DATE PALM RD|GAINESVILLE|FL|2
664|IFAS Warehouse|1380 SABAL PALM DR|GAINESVILLE|FL|4
665|IFAS Warehouse|1352 SABAL PALM DR|GAINESVILLE|FL|2
666|Greenhouse, Plant Pathology|1447 SABAL PALM DR|GAINESVILLE|FL|1
667|Plant Pathology Growth Room|1447 SABAL PALM DR|GAINESVILLE|FL|4
668|Electrical Engineering Lab|3023 LONGLEAF RD|GAINESVILLE|FL|29
669|Greenhouse,Plant Pathology|2350 MOWRY RD|GAINESVILLE|FL|3
671|Greenhouse, Forestry|2333 MOWRY RD|GAINESVILLE|FL|1
674|Guy Bostick Golf Clubhouse|2801 SW 2ND AV|GAINESVILLE|FL|26
676|Greenhouse, Agronomy|2350 MOWRY RD|GAINESVILLE|FL|1
677|Greenhouse, Forestry|2333 MOWRY RD|GAINESVILLE|FL|3
678|Golf Cart Storage|UNK|GAINESVILLE|FL|2
679|Greenhouse, Forestry|2333 MOWRY RD|GAINESVILLE|FL|1
680|Carpenter Shop|1311 DATE PALM RD|GAINESVILLE|FL|2
681|Workshop/Storage, Forestry|2333 MOWRY RD|GAINESVILLE|FL|3
682|Greenhouse, Fruit Crops|1786 IFAS RESEARCH DR|GAINESVILLE|FL|1
683|EHandS Program Support Building|3051 LONGLEAF RD|GAINESVILLE|FL|19
684|Health Center Surge #4|3075 LONGLEAF RD|GAINESVILLE|FL|22
685|Food/Environ Toxicology Lab|1642 SW 23RD DR|GAINESVILLE|FL|28
686|J. Wayne Reitz Union|655 REITZ UNION DR|GAINESVILLE|FL|620
687|H. Philip Constans Theatre|1800 MCCARTY DR|GAINESVILLE|FL|138
688|Harry H. Sisler Hall|1680 UNION RD|GAINESVILLE|FL|185
689|Library West|1545 W UNIVERSITY AV|GAINESVILLE|FL|288
693|Soils Plant Preparation Lab|2350 MOWRY RD|GAINESVILLE|FL|3
694|Shands Biohazard Waste Storage|1391 CENTER DR|GAINESVILLE|FL|1
695|Generator|513 GALE LEMERAND DR|GAINESVILLE|FL|1
696|Shade House, Plant Pathology|2350 MOWRY RD|GAINESVILLE|FL|1
697|Research Lab|2350 MOWRY RD|GAINESVILLE|FL|6
698|Health Center Surge #2|3047 LONGLEAF RD|GAINESVILLE|FL|16
699|Vet Science Surgery|2173 MOWRY RD|GAINESVILLE|FL|1
700|Physical Plant Offices|3280 RADIO RD|GAINESVILLE|FL|57
701|Physical Plant Work Mgmt Ctr|3274 RADIO RD|GAINESVILLE|FL|14
702|Physical Plant Maintenance|902 MAGNOLIA DR|GAINESVILLE|FL|96
703|Physical Plant Building Svcs|942 MAGNOLIA DR|GAINESVILLE|FL|29
704|Physical Plant Grounds|970 MAGNOLIA DR|GAINESVILLE|FL|20
705|Physical Plant Central Stores|1026 MAGNOLIA DR|GAINESVILLE|FL|11
706|University Transportation|1037 MAGNOLIA DR|GAINESVILLE|FL|7
707|Physical Plant Garage|902 MAGNOLIA DR|GAINESVILLE|FL|1
708|Physical Plant Garage|902 MAGNOLIA DR|GAINESVILLE|FL|1
709|Physical Plant Storage|902 MAGNOLIA DR|GAINESVILLE|FL|1
710|Bio-Tech Lab|2448 HULL RD|GAINESVILLE|FL|19
711|Headhouse|2464 HULL RD|GAINESVILLE|FL|31
712|Volatile Storage|2550 HULL RD|GAINESVILLE|FL|6
713|Bookstore Warehouse|958 ELMORE DR|GAINESVILLE|FL|9
714|Surplus / Facilities Annex|994 ELMORE DR|GAINESVILLE|FL|36
715|U.F. Mail and Documents Services|3030 RADIO RD|GAINESVILLE|FL|18
716|IFAS Mechanical Equipment Bldg|2550 HULL RD|GAINESVILLE|FL|4
717|Willard M. Fifield Hall|2550 HULL RD|GAINESVILLE|FL|354
718|Behavior Lab - Flmnh|3089 RADIO RD|GAINESVILLE|FL|1
719|Materials Engineering|601 GALE LEMERAND DR|GAINESVILLE|FL|113
720|Mechanical and Aerospace Eng B|633 GALE LEMERAND DR|GAINESVILLE|FL|124
721|John R. Benton Hall|946 CENTER DR|GAINESVILLE|FL|68
722|Merwin J. Larsen Hall|968 CENTER DR|GAINESVILLE|FL|115
723|Chemical Engineering|1006 CENTER DR|GAINESVILLE|FL|133
724|Alvin P. Black Hall|1128 CENTER DR|GAINESVILLE|FL|127
725|Mechanical and Aerospace Eng A|939 SWEETWATER DR|GAINESVILLE|FL|114
726|Chemical Eng Solvent Storage|1006 CENTER DR|GAINESVILLE|FL|5
727|ACS Housing|1632 SW 34TH ST|GAINESVILLE|FL|50
728|Greenhouse, Plant Pathology|1447 SABAL PALM DR|GAINESVILLE|FL|1
729|Coastal Engineering Storage|1300 SW 6TH ST|GAINESVILLE|FL|1
730|Fiber Hut Fifield|2472 HULL RD|GAINESVILLE|FL|2
731|Greenhouse, Agronomy|2350 MOWRY RD|GAINESVILLE|FL|1
732|Greenhouse, Soils|2350 MOWRY RD|GAINESVILLE|FL|1
733|Greenhouse, Soils|2350 MOWRY RD|GAINESVILLE|FL|1
734|Greenhouse, Agronomy|2350 MOWRY RD|GAINESVILLE|FL|1
735|Greenhouse, Agronomy|2350 MOWRY RD|GAINESVILLE|FL|1
736|Greenhouse, Agronomy|2350 MOWRY RD|GAINESVILLE|FL|1
737|Research Lab|2668 HULL RD|GAINESVILLE|FL|12
738|Greenhouse, Forestry|2333 MOWRY RD|GAINESVILLE|FL|1
739|Greenhouse, Forestry|2333 MOWRY RD|GAINESVILLE|FL|1
740|Greenhouse, Forestry|2333 MOWRY RD|GAINESVILLE|FL|1
741|Storage Shed, Forestry|2333 MOWRY RD|GAINESVILLE|FL|1
742|Comm and Neurbio Sci Surge #5|3071 LONGLEAF RD|GAINESVILLE|FL|23
743|Swine Unit Feed Shed|2108 SHEALY DR|GAINESVILLE|FL|2
744|Swine Unit Feed Mill|2345 SW 23RD TER|GAINESVILLE|FL|3
745|Coastal Engineering Shops|1300 SW 6TH ST|GAINESVILLE|FL|14
746|Particle Science and Technology|1180 CENTER DR|GAINESVILLE|FL|67
747|William Bartram Hall|876 NEWELL DR|GAINESVILLE|FL|205
748|Archie F. Carr Hall|882 NEWELL DR|GAINESVILLE|FL|177
749|Psychology Building|945 CENTER DR|GAINESVILLE|FL|410
750|Robert Calder Beaty Towers A|1407 MUSEUM RD|GAINESVILLE|FL|22
751|Robert Calder Beaty Towers B|1365 MUSEUM RD|GAINESVILLE|FL|23
752|Robert Calder Beaty Commons C|1387 MUSEUM RD|GAINESVILLE|FL|19
753|Housing Office|1304 DIAMOND RD|GAINESVILLE|FL|63
755|R.C. Beaty Service Bldg F|1308 DIAMOND RD|GAINESVILLE|FL|9
757|Spessard L. Holland Law Center|309 VILLAGE DR|GAINESVILLE|FL|403
758|Chilled Water Plant #7|2422 WEST FRATERNITY DR|GAINESVILLE|FL|4
759|Bruton-Geer Hall|351 VILLAGE DR|GAINESVILLE|FL|146
760|Engineering Design Building|1156 CENTER DR|GAINESVILLE|FL|14
763|Acs Storage|UNK|GAINESVILLE|FL|4
764|Martin H Levin Advocacy Center|411 VILLAGE DR|GAINESVILLE|FL|55
765|Civil Engineering Storage|453 GALE LEMERAND DR|GAINESVILLE|FL|1
766|Swine Unit Methane Shed|2617 SW 23RD TER|GAINESVILLE|FL|2
767|Swine Unit Feed Processing|2345 SW 23RD TER|GAINESVILLE|FL|2
769|Swine Unit Polebarn|2345 SW 23RD TER|GAINESVILLE|FL|2
770|Swine Unit Barn|2345 SW 23RD TER|GAINESVILLE|FL|12
771|Microfabritech West|2230 SURGE AREA DR|GAINESVILLE|FL|21
772|Neurobiological Surge #6|3063 LONGLEAF RD|GAINESVILLE|FL|23
773|Radiation Control Storage|2230 SURGE AREA DR|GAINESVILLE|FL|1
774|Greenhouse, Botany|904 NEWELL DR|GAINESVILLE|FL|1
775|Organic Garden Storage|2617 SW 23RD TER|GAINESVILLE|FL|2
776|Greenhouse|1425 MUSEUM DR|GAINESVILLE|FL|1
777|Greenhouse|1425 MUSEUM DR|GAINESVILLE|FL|1
794|Physical Plant Storage #1|2104 NATURAL AREA DR|GAINESVILLE|FL|24
795|Natl Storage Building|2042 NATURAL AREA DR|GAINESVILLE|FL|1
796|Natural Area Teaching Pavilion|2042 NATURAL AREA DR|GAINESVILLE|FL|1
798|Greenhouse, Entomology|2895 SW 23RD TER|GAINESVILLE|FL|1
801|Transformer Yard #2|1928 MOWRY RD|GAINESVILLE|FL|1
802|Storage Bldg|1311 DATE PALM RD|GAINESVILLE|FL|2
803|Mccarty Annex B|1762 MCCARTY DR|GAINESVILLE|FL|20
804|Ppd Vehicle Wash/Lube Station|902 MAGNOLIA DR|GAINESVILLE|FL|1
805|Mechanics Shop|1354 DATE PALM RD|GAINESVILLE|FL|10
806|Building G|902 MAGNOLIA DR|GAINESVILLE|FL|4
807|Physical Plant Masonry Shop|902 MAGNOLIA DR|GAINESVILLE|FL|2
808|Hvac/Electrical Shop|1311 DATE PALM RD|GAINESVILLE|FL|4
809|Physical Plant Grounds Administration|954 PHYSICAL PLANT DR|GAINESVILLE|FL|18
810|Mccarty Annex A|1728 MCCARTY DR|GAINESVILLE|FL|16
812|Equipment Storage|2350 MOWRY RD|GAINESVILLE|FL|1
813|Warehouse|1437 DATE PALM RD|GAINESVILLE|FL|2
814|Melnyk Golf Practice Facility|UNK|GAINESVILLE|FL|6
815|Roofing Bldg|1437 DATE PALM RD|GAINESVILLE|FL|1
816|Distillation Building|1642 SW 23RD DR|GAINESVILLE|FL|2
819|Agric Engineering Field Lab|2617 SW 23RD TER|GAINESVILLE|FL|1
820|Greenhouse, Zoology|1817 MUSEUM RD|GAINESVILLE|FL|1
821|Golf Club Workshop|UNK|GAINESVILLE|FL|7
822|Golf Club Comfort Station|UNK|GAINESVILLE|FL|2
823|University Gardens Info Ctr|2353 MUSEUM RD|GAINESVILLE|FL|1
824|Greenhouse, Agronomy|2185 RITCHY RD|GAINESVILLE|FL|1
825|Agric Engineering Field Lab|2617 SW 23RD TER|GAINESVILLE|FL|1
829|Field Storage|2617 SW 23RD TER|GAINESVILLE|FL|1
831|Waste Management Facility|3076 LONGLEAF RD|GAINESVILLE|FL|35
832|H.S. Newins-E.A. Ziegler Hall|1745 MCCARTY DR|GAINESVILLE|FL|206
833|Pesticide Lab Annex B|2461 HULL RD|GAINESVILLE|FL|12
834|Greenhouse|2005 SW 23RD ST|GAINESVILLE|FL|1
835|Physical Plant Grounds Storage|UNK|GAINESVILLE|FL|1
836|EHandS Storage|2230 SURGE AREA DR|GAINESVILLE|FL|1
837|Rifle Range|896 SWEETWATER DR|GAINESVILLE|FL|2
838|Chemical Storage|UNK|GAINESVILLE|FL|1
839|Soils Equipment Building|UNK|GAINESVILLE|FL|1
840|Greenhouse, Plant Pathology|1447 SABAL PALM DR|GAINESVILLE|FL|1
841|Greenhouse, Plant Pathology|1447 SABAL PALM DR|GAINESVILLE|FL|2
842|Drying Building|2390 MOWRY RD|GAINESVILLE|FL|7
843|Warehouse|1437 DATE PALM RD|GAINESVILLE|FL|6
844|Environmental Education, Forestry|1723 MCCARTY DR|GAINESVILLE|FL|3
845|Storage Bldg|2390 MOWRY RD|GAINESVILLE|FL|8
846|Greenhouse, Food Science|2501 HULL RD|GAINESVILLE|FL|1
847|Pesticide Information Office|2477 HULL RD|GAINESVILLE|FL|9
848|Nuclear Waste Storage|2230 SURGE AREA DR|GAINESVILLE|FL|1
849|Greenhouse, Forestry|2333 MOWRY RD|GAINESVILLE|FL|1
850|Physical Plant Storage #2|2104 NATURAL AREA DR|GAINESVILLE|FL|13
851|Field Lab, Forestry|1758 MCCARTY DR|GAINESVILLE|FL|2
852|Project/Hvac Controls|1362 DATE PALM RD|GAINESVILLE|FL|3
853|Greenhouse, Plant Pathology|1447 SABAL PALM DR|GAINESVILLE|FL|2
856|Earle B. Phelps Lab|1953 MUSEUM RD|GAINESVILLE|FL|39
858|Greenhouse, Plant Pathology|1447 SABAL PALM DR|GAINESVILLE|FL|2
861|Greenhouse, Plant Pathology|1447 SABAL PALM DR|GAINESVILLE|FL|1
862|Warehouse|1437 DATE PALM RD|GAINESVILLE|FL|1
864|Storage Bldg|2390 MOWRY RD|GAINESVILLE|FL|1
865|Aquatic Weed Research|1447 SABAL PALM DR|GAINESVILLE|FL|1
866|Office Building|711 NEWELL DR|GAINESVILLE|FL|12
867|Animal Science Security Residence|2122 SHEALY DR|Gainesville|FL|1
868|UF Substation #9|437 GALE LEMERAND DR|GAINESVILLE|FL|1
869|Chemical Engineering Digester|1006 CENTER DR|GAINESVILLE|FL|2
874|Institute of Black Culture|1510 W UNIVERSITY AVE|GAINESVILLE|FL|19
875|Greenhouse, Plant Pathology|1447 SABAL PALM DR|GAINESVILLE|FL|1
880|Hispanic/Latino Cultures|1504 W UNIVERSITY AVE|GAINESVILLE|FL|18
882|Horse Barn|2044 SHEALY DR|GAINESVILLE|FL|2
883|Storage Building|2044 SHEALY DR|GAINESVILLE|FL|1
885|Plant Cell/Molecular Bio Lab|2432 HULL RD|GAINESVILLE|FL|21
886|UF Bookstore and Welcome Center|1900 MUSEUM RD|GAINESVILLE|FL|107
887|Swine Unit Farrowing Barn|2359 SW 23RD TER|GAINESVILLE|FL|5
888|Swine Unit Pig Research Barn|2345 SW 23RD TER|GAINESVILLE|FL|3
889|Swine Unit Finishing Barn|2345 SW 23RD TER|GAINESVILLE|FL|1
890|Swine Unit Pole Barn|2345 SW 23RD TER|GAINESVILLE|FL|3
892|Clinical Trials Research Bldg|2401 SW ARCHER RD|GAINESVILLE|FL|84
896|Clinical and Translational Science Institute|2405 SW ARCHER RD|GAINESVILLE|FL|18
914|Equipment Storage|1505 MUSEUM DR|GAINESVILLE|FL|2
916|Field Support|2895 SW 23RD TER|GAINESVILLE|FL|1
929|Greenhouse, Entomology|2350 MOWRY RD|GAINESVILLE|FL|1
930|Greenhouse, Agronomy|2350 MOWRY RD|GAINESVILLE|FL|1
931|Greenhouse, Agronomy|2350 MOWRY RD|GAINESVILLE|FL|1
932|Greenhouse, Agronomy|2350 MOWRY RD|GAINESVILLE|FL|1
933|Greenhouse, Agronomy|2350 MOWRY RD|GAINESVILLE|FL|1
934|Greenhouse, Agronomy|2350 MOWRY RD|GAINESVILLE|FL|1
935|Agronomy Plant Science Lab|2350 MOWRY RD|GAINESVILLE|FL|8
936|Boat Shelter|2895 SW 23RD TER|GAINESVILLE|FL|1
937|Implement Shed|2895 SW 23RD TER|GAINESVILLE|FL|1
938|Greenhouse, Entomology|2027 NATURAL AREA DR|GAINESVILLE|FL|1
939|Greenhouse, Entomology|2027 NATURAL AREA DR|GAINESVILLE|FL|1
940|Honey Lab|2895 SW 23RD TER|GAINESVILLE|FL|7
941|Editorial Publications Storage|1352 SABAL PALM DR|GAINESVILLE|FL|5
942|Pole Barn|2108 SHEALY DR|GAINESVILLE|FL|1
944|Sterilizer Shed|2895 SW 23RD TER|GAINESVILLE|FL|2
946|Entomology Implement Shed|2895 SW 23RD TER|GAINESVILLE|FL|2
947|Apiary Storage Building|2895 SW 23RD TER|GAINESVILLE|FL|1
949|Soils/Fertilizer Storage|2390 MOWRY RD|GAINESVILLE|FL|2
950|Greenhouse, Entomology|2350 MOWRY RD|GAINESVILLE|FL|4
951|Storage Bldg|2333 MOWRY RD|GAINESVILLE|FL|1
952|Storage Bldg|2333 MOWRY RD|GAINESVILLE|FL|1
953|Storage Bldg|2333 MOWRY RD|GAINESVILLE|FL|1
954|Storage Bldg|2333 MOWRY RD|GAINESVILLE|FL|1
955|Storage Bldg|2333 MOWRY RD|GAINESVILLE|FL|1
956|Storage Bldg|2333 MOWRY RD|GAINESVILLE|FL|1
958|Chemical Engineering Student Center|1030 CENTER DR|GAINESVILLE|FL|47
961|Shadehouse|2475 MEMORIAL RD|GAINESVILLE|FL|1
962|Shadehouse|2475 MEMORIAL RD|GAINESVILLE|FL|1
968|Shadehouse|2475 MEMORIAL RD|GAINESVILLE|FL|1
969|Shadehouse|2475 MEMORIAL RD|GAINESVILLE|FL|1
970|Entomology-Nematology|1881 NATURAL AREA DR|GAINESVILLE|FL|265
971|Greenhouse, Agronomy|2350 MOWRY RD|GAINESVILLE|FL|1
972|Greenhouse, Fruit Crops|1786 IFAS RESEARCH DR|GAINESVILLE|FL|1
973|Greenhouse, Fruit Crops|1786 IFAS RESEARCH DR|GAINESVILLE|FL|1
974|IFAS Pump House|1786 IFAS RESEARCH DR|GAINESVILLE|FL|1
975|Greenhouse|1786 IFAS RESEARCH DR|GAINESVILLE|FL|1
976|Fertilizer Storage|2668 HULL RD|GAINESVILLE|FL|1
978|Greenhouse, Ornamental Horticulture|2350 MOWRY RD|GAINESVILLE|FL|1
980|Polymer Recycling Building|2610 SW 23RD TER|GAINESVILLE|FL|5
981|Microbiology/Cell Science|1355 MUSEUM DR|GAINESVILLE|FL|152
982|Baughman Support Building|1101 MUSEUM DR|GAINESVILLE|FL|12
983|Baughman Meditation Center|1101 MUSEUM DR|GAINESVILLE|FL|3
984|UF Substation #10|3109 HULL RD|GAINESVILLE|FL|1
1000|Lemerand Athletics Center|2214 STADIUM RD|GAINESVILLE|FL|82
1001|Keys Residential Complex|2191 STADIUM RD|GAINESVILLE|FL|34
1002|Keys Residential Complex|2189 STADIUM RD|GAINESVILLE|FL|162
1003|Keys Residential Complex|2209 STADIUM RD|GAINESVILLE|FL|164
1004|Keys Residential Complex|2237 STADIUM RD|GAINESVILLE|FL|164
1005|Keys Residential Complex|2255 STADIUM RD|GAINESVILLE|FL|164
1006|Keys Residential Complex|2263 STADIUM RD|GAINESVILLE|FL|163
1007|Keys Residential Complex|2249 STADIUM RD|GAINESVILLE|FL|164
1008|Keys Residential Complex|2223 STADIUM RD|GAINESVILLE|FL|170
1009|Keys Residential Complex|2211 STADIUM RD|GAINESVILLE|FL|164
1010|Keys Residential Complex|2197 STADIUM RD|GAINESVILLE|FL|164
1011|Broward Dining Center|596 BROWARD DR|GAINESVILLE|FL|27
1016|Vet Med Reproduction Barn|1951 SW 16TH AV|GAINESVILLE|FL|7
1017|Veterinary Academic Building|1945 SW 16TH AV|GAINESVILLE|FL|373
1018|Courtelis Equine Teaching Hosp|2147 SHEALY DR|GAINESVILLE|FL|164
1019|Vet Med Reproduction Barn|1951 SW 16TH AV|GAINESVILLE|FL|8
1020|Equine Barn A|1951 SW 16TH AV|GAINESVILLE|FL|23
1021|Equine Barn B|1951 SW 16TH AV|GAINESVILLE|FL|27
1022|Vet Med Isolation Barn|1951 SW 16TH AV|GAINESVILLE|FL|25
1023|Vet Med Hay Barn|1951 SW 16TH AV|GAINESVILLE|FL|6
1024|Hydrogen Research Facility|2610 SW 23RD TER|GAINESVILLE|FL|1
1031|Security Guard Hut|1632 SW 34TH ST|GAINESVILLE|FL|1
1032|UF Foundation Research|UNK|GAINESVILLE|FL|13
1033|UF Foundation Storage|UNK|GAINESVILLE|FL|1
1034|Bus Shelter Museum Road at Beaty Towers|1348 MUSEUM RD|GAINESVILLE|FL|1
1043|Florida Museum Storage Shed|3067 RADIO RD|GAINESVILLE|FL|1
1045|Sterilization Shed|1951 SW 16TH AV|GAINESVILLE|FL|3
1046|Bus Shelter at PPD Parking Lot|3266 RADIO RD|GAINESVILLE|FL|1
1047|Condensate Pump House|797 FRATERNITY DR|GAINESVILLE|FL|1
1048|Fiber Hut Mowry|2053 MOWRY RD|GAINESVILLE|FL|1
1049|Baby Gator|793 CORRY CIR|GAINESVILLE|FL|49
1053|Chilled Water Plant #5|1702 MCCARTY DR|GAINESVILLE|FL|7
1054|CWP #5 Mccarty Cooling Towers|1696 MCCARTY DR|GAINESVILLE|FL|1
1055|UF Substation #12|1714 MCCARTY DR|GAINESVILLE|FL|1
1056|Chilled Water Plant #9|1858 MOWRY RD|GAINESVILLE|FL|6
1057|U.F. Substation #13|1858 MOWRY RD|GAINESVILLE|FL|1
1060|Florida Power Substation #2|2942 HULL RD|GAINESVILLE|FL|1
1061|UF Substation #11|2966 HULL RD|GAINESVILLE|FL|1
1062|Recreation Sports Maintenance|UNK|GAINESVILLE|FL|4
1063|Water Reclamation Storage Tank|1103 GALE LEMERAND DR|GAINESVILLE|FL|1
1064|Hydropneumatic Tank|1103 GALE LEMERAND DR|GAINESVILLE|FL|1
1065|Chlorine Contact Chamber|1103 GALE LEMERAND DR|GAINESVILLE|FL|1
1066|Filters|1103 GALE LEMERAND DR|GAINESVILLE|FL|1
1067|Clarifier (East)|1103 GALE LEMERAND DR|GAINESVILLE|FL|1
1068|Clarifier (West)|1103 GALE LEMERAND DR|GAINESVILLE|FL|1
1069|Wwtp Lift Station|1103 GALE LEMERAND DR|GAINESVILLE|FL|1
1070|Water Reclamation Administration Building|1103 GALE LEMERAND DR|GAINESVILLE|FL|22
1071|Water Reclamation Shop/Storage|1103 GALE LEMERAND DR|GAINESVILLE|FL|5
1072|Water Reclamation Chemical Storage|1103 GALE LEMERAND DR|GAINESVILLE|FL|3
1073|Water Reclamation Blow/Gen/Elect|1103 GALE LEMERAND DR|GAINESVILLE|FL|2
1074|Water Reclamation Sludge Bldg|1103 GALE LEMERAND DR|GAINESVILLE|FL|3
1075|Water Reclamation Electrical|1103 GALE LEMERAND DR|GAINESVILLE|FL|3
1076|Fiber Hut Aero|939 SWEETWATER DR|GAINESVILLE|FL|1
1077|Wwtp Bnr Basins|1103 GALE LEMERAND DR|GAINESVILLE|FL|1
1078|Wwtp Pretreatment Structure|1103 GALE LEMERAND DR|GAINESVILLE|FL|1
1080|Springs Residential Complex|2336 FRATERNITY DR|GAINESVILLE|FL|46
1081|Springs Residential Complex|2312 FRATERNITY DR|GAINESVILLE|FL|8
1082|Springs Residential Complex|2316 FRATERNITY DR|GAINESVILLE|FL|9
1083|Springs Residential Complex|2324 FRATERNITY DR|GAINESVILLE|FL|8
1084|Springs Residential Complex|2328 FRATERNITY DR|GAINESVILLE|FL|8
1085|Springs Residential Complex|2340 FRATERNITY DR|GAINESVILLE|FL|8
1086|Springs Residential Complex|2344 FRATERNITY DR|GAINESVILLE|FL|8
1087|Alfred A. Ring Tennis Pavilion|2325 SW 2ND AV|GAINESVILLE|FL|1
1088|Shands Heliport Office Bldg|UNK|GAINESVILLE|FL|19
1089|Shands Heliport Hangar|UNK|GAINESVILLE|FL|3
1090|Health Science Center Administrative Services|1329 SW 16th ST|GAINESVILLE|FL|585
1091|Parking Garage 6 (SW 16th St)|1321 SW 16TH ST|GAINESVILLE|FL|23
1092|Sports Sign East|UNK|GAINESVILLE|FL|1
1093|Sports Sign West|UNK|GAINESVILLE|FL|1
1094|Sports Sign Hull Rd|UNK|GAINESVILLE|FL|1
1098|Vet Med Medical Gases Storage|UNK|GAINESVILLE|FL|1
1100|Mccarty Walkways|UNK|GAINESVILLE|FL|1
1101|Fine Arts Walkway|UNK|GAINESVILLE|FL|1
1102|Leigh Hall Walkways|UNK|GAINESVILLE|FL|1
1103|Smathers Walkway|UNK|GAINESVILLE|FL|1
1104|Benton Walkways|UNK|GAINESVILLE|FL|1
1105|Norman Hall Walkways|UNK|GAINESVILLE|FL|1
1106|Law Center Walkway|UNK|GAINESVILLE|FL|1
1107|Engineering Walkways|UNK|GAINESVILLE|FL|1
1115|Animal Nutrition Walkway|UNK|GAINESVILLE|FL|1
1116|Wallace Building Walkway|UNK|GAINESVILLE|FL|1
1117|IFAS Warehouse Walkway|UNK|GAINESVILLE|FL|1
1120|Lacrosse Ticket Booth|1788 NATURAL AREA DR|GAINESVILLE|FL|1
1121|Lacrosse Grand Stand|1788 NATURAL AREA DR|GAINESVILLE|FL|18
1122|Lacrosse Maintenance Building|1788 NATURAL AREA DR|GAINESVILLE|FL|6
1123|Lacrosse Locker Building|1788 NATURAL AREA DR|GAINESVILLE|FL|23
1124|Engineering Clock Tower|1981 STADIUM RD|GAINESVILLE|FL|1
1125|Dental Sciences Walkway|UNK|GAINESVILLE|FL|1
1126|Vetmed Basic Sciences Walkway|UNK|GAINESVILLE|FL|1
1127|Health Center Animal Facs Walkways|UNK|GAINESVILLE|FL|1
1128|Brain Institute Bridge|UNK|GAINESVILLE|FL|1
1131|UPD Evidence Building|1573 MUSEUM RD|GAINESVILLE|FL|4
1134|Materials Recycling Research|2610 SW 23RD TER|GAINESVILLE|FL|1
1135|Materials Recycling Research|UNK|GAINESVILLE|FL|1
1137|Mechanical Engineering Storage|UNK|GAINESVILLE|FL|1
1138|Product Test Facility|2610 SW 23RD TER|GAINESVILLE|FL|1
1139|Fuel Cell Garage|2610 SW 23RD TER|GAINESVILLE|FL|4
1140|Health Center Incinerator|1632 SW 34TH ST|GAINESVILLE|FL|1
1143|Bus Shelter at Hotel Park and Ride|UNK|GAINESVILLE|FL|1
1150|Smathers Emergency Generator|1486 UNION RD|GAINESVILLE|FL|1
1151|Smathers Fire Pump Building|1484 UNION RD|GAINESVILLE|FL|1
1156|Ring Varsity Tennis Building|2351 SW 2ND AV|GAINESVILLE|FL|23
1160|Katie Seashole Pressly Softball Stadium|2880 HULL RD|GAINESVILLE|FL|19
1161|Softball Maintenance Bldg.|2886 HULL RD|GAINESVILLE|FL|9
1162|Administration/Maintenance Building|2976 HULL RD|GAINESVILLE|FL|10
1164|Restroom/Pavilion Bldg Site B|1554 BLEDSOE DR|GAINESVILLE|FL|6
1165|Softball Field House Facility|2886 HULL RD|GAINESVILLE|FL|8
1166|Parking Garage 11 (Performing Arts)|3163 HULL RD|GAINESVILLE|FL|1
1169|Basketball Practice Facility|290 WOODLAWN DR|GAINESVILLE|FL|92
1170|Vet Med Storage|1945 SW 16TH AV|GAINESVILLE|FL|1
1171|Softball Batting Cage|2894 HULL RD|GAINESVILLE|FL|1
1172|Shands Linen Utility|1393 CENTER DR|GAINESVILLE|FL|1
1173|EHandS Fumigation Chamber|2013 MOWRY RD|GAINESVILLE|FL|1
1174|EHandSfumigationstorage|UNK|GAINESVILLE|FL|1
1175|UF Hotel and Conference Center|UNK|GAINESVILLE|FL|1
1177|EHandS Pest Control Storage|UNK|GAINESVILLE|FL|1
1178|Orthopaedics and Sports Medicine|3450 HULL RD|GAINESVILLE|FL|480
1179|Osmi Support Building|UNK|GAINESVILLE|FL|2
1180|Lakeside Residential Complex|2955 RADIO RD|GAINESVILLE|FL|6
1181|Lakeside Residential Complex|2853 RADIO RD|GAINESVILLE|FL|2
1182|Lakeside Residential Complex|2907 RADIO RD|GAINESVILLE|FL|2
1183|Lakeside Residential Complex|3009 RADIO RD|GAINESVILLE|FL|3
1184|Lakeside Residential Complex|3041 RADIO RD|GAINESVILLE|FL|2
1185|Lakeside Residential Complex|2943 RADIO RD|GAINESVILLE|FL|2
1186|Lakeside Residential Complex|3025 RADIO RD|GAINESVILLE|FL|1
1194|Attendant Booth at SOC Gated Lot|2128 STADIUM RD|GAINESVILLE|FL|1
1195|Smokers Shelter (Infirmary)|UNK|GAINESVILLE|FL|1
1196|Animal Research Chem Storage|UNK|GAINESVILLE|FL|1
1198|Speciality Shop|2203 SURGE AREA DR|GAINESVILLE|FL|1
1199|Housing Supply Warehouse|2269 SURGE AREA DR|GAINESVILLE|FL|9
1200|Plant Science Facility|2475 MEMORIAL RD|GAINESVILLE|FL|10
1201|Greenhouse, Ornamental Horticulture|2475 MEMORIAL RD|GAINESVILLE|FL|3
1202|Greenhouse, Ornamental Horticulture|2475 MEMORIAL RD|GAINESVILLE|FL|3
1203|Greenhouse, Ornamental Horticulture|2475 MEMORIAL RD|GAINESVILLE|FL|4
1204|Greenhouse, Ornamental Horticulture|2475 MEMORIAL RD|GAINESVILLE|FL|3
1205|Laboratory Building|2475 MEMORIAL RD|GAINESVILLE|FL|4
1206|Greenhouse, Fruit Crops|2475 MEMORIAL RD|GAINESVILLE|FL|5
1207|Greenhouse, Fruit Crops|2475 MEMORIAL RD|GAINESVILLE|FL|1
1208|Greenhouse, Vegetable Crops|2475 MEMORIAL RD|GAINESVILLE|FL|1
1209|Headhouse, Ornamental Horticulture|2475 MEMORIAL RD|GAINESVILLE|FL|9
1210|Carport|2475 MEMORIAL RD|GAINESVILLE|FL|1
1211|Pot Washing Building|2475 MEMORIAL RD|GAINESVILLE|FL|1
1212|Pesticide Building|2475 MEMORIAL RD|GAINESVILLE|FL|3
1213|Soils Building|2475 MEMORIAL RD|GAINESVILLE|FL|4
1214|Laboratory Building|2415 MEMORIAL RD|GAINESVILLE|FL|23
1215|Greenhouse, Ornamental Horticulture|2475 MEMORIAL RD|GAINESVILLE|FL|1
1216|Greenhouse, Ornamental Horticulture|2475 MEMORIAL RD|GAINESVILLE|FL|1
1217|Greenhouse, Ornamental Horticulture|2475 MEMORIAL RD|GAINESVILLE|FL|1
1218|Greenhouse, Ornamental Horticulture|2475 MEMORIAL RD|GAINESVILLE|FL|1
1219|Greenhouse, Ornamental Horticulture|2475 MEMORIAL RD|GAINESVILLE|FL|1
1220|Greenhouse, Ornamental Horticulture|2475 MEMORIAL RD|GAINESVILLE|FL|2
1221|Residence / Laboratory|2401 MEMORIAL RD|GAINESVILLE|FL|16
1222|Bio-Containment Facility|1397 ORCHARD DR|GAINESVILLE|FL|27
1225|Polyhouse #5|2475 MEMORIAL RD|GAINESVILLE|FL|1
1226|Shadehouse|2475 MEMORIAL RD|GAINESVILLE|FL|1
1227|Polyhouse #10|2475 MEMORIAL RD|GAINESVILLE|FL|1
1228|Polyhouse #9-Ornamental Horticulture|2475 MEMORIAL RD|GAINESVILLE|FL|1
1231|Environmental Soil Bin|1388 ORCHARD DR|GAINESVILLE|FL|3
1241|Pump Shed|2977 SW 23RD TER|GAINESVILLE|FL|1
1242|Pesticide Storage|2027 NATURAL AREA DR|GAINESVILLE|FL|1
1243|Metal Building|2350 MOWRY RD|GAINESVILLE|FL|1
1247|Equipment Storage|1786 IFAS RESEARCH DR|GAINESVILLE|FL|12
1248|Soils Storage|2390 MOWRY RD|GAINESVILLE|FL|1
1249|Greenhouse-Fruit Drying|1786 IFAS RESEARCH DR|GAINESVILLE|FL|1
1250|Fruit Packing|1786 IFAS RESEARCH DR|GAINESVILLE|FL|5
1257|Greenhouse|2027 NATURAL AREA DR|GAINESVILLE|FL|1
1258|Pesticide Storage|1786 IFAS RESEARCH DR|GAINESVILLE|FL|1
1264|Fruit Crops Pole Barn|1786 IFAS RESEARCH DR|GAINESVILLE|FL|1
1265|Environmental Stress Lab|1786 IFAS RESEARCH DR|GAINESVILLE|FL|11
1266|Greenhouse, Fruit Crops|1786 IFAS RESEARCH DR|GAINESVILLE|FL|1
1268|Greenhouse, Entomology|2027 NATURAL AREA DR|GAINESVILLE|FL|1
1269|Greenhouse, Entomology|2027 NATURAL AREA DR|GAINESVILLE|FL|1
1270|Entomology Greenhouse|2027 NATURAL AREA DR|GAINESVILLE|FL|1
1271|Greenhouse, Entomology|2027 NATURAL AREA DR|GAINESVILLE|FL|1
1272|Greenhouse, Entomology|2027 NATURAL AREA DR|GAINESVILLE|FL|1
1273|Greenhouse, Entomology|2027 NATURAL AREA DR|GAINESVILLE|FL|1
1274|Greenhouse, Entomology|2027 NATURAL AREA DR|GAINESVILLE|FL|1
1275|Greenhouse, Entomology|2027 NATURAL AREA DR|GAINESVILLE|FL|1
1276|Greenhouse, Entomology|2027 NATURAL AREA DR|GAINESVILLE|FL|1
1277|Greenhouse, Entomology|2027 NATURAL AREA DR|GAINESVILLE|FL|1
1278|Urban Entomology|2027 NATURAL AREA DR|GAINESVILLE|FL|20
1279|Greenhouse, Entomology|2027 NATURAL AREA DR|GAINESVILLE|FL|2
1282|Turfgrass Envirotron|1388 ORCHARD DR|GAINESVILLE|FL|12
1283|Greenhouse, Turfgrass|1388 ORCHARD DR|GAINESVILLE|FL|3
1284|Greenhouse, Turfgrass|1388 ORCHARD DR|GAINESVILLE|FL|1
1285|Greenhouse, Turfgrass|1388 ORCHARD DR|GAINESVILLE|FL|1
1286|Greenhouse, Turfgrass|1388 ORCHARD DR|GAINESVILLE|FL|1
1287|Greenhouse, Turfgrass|1388 ORCHARD DR|GAINESVILLE|FL|1
1288|Potting Shed, Forestry|2333 MOWRY RD|GAINESVILLE|FL|1
1289|Nematology Shade House|2350 MOWRY RD|GAINESVILLE|FL|1
1290|Nematology Potting Shed|2350 MOWRY RD|GAINESVILLE|FL|1
1291|Plant Pathology Diagnostics Lab|2570 HULL RD|GAINESVILLE|FL|23
1292|Storage, Nematology|2350 MOWRY RD|GAINESVILLE|FL|1
1296|Fuel Storage Tank|1354 DATE PALM RD|GAINESVILLE|FL|1
1297|World House|2610 SW 23RD TER|GAINESVILLE|FL|3
1298|Entomology Greenhouse|2027 NATURAL AREA DR|GAINESVILLE|FL|1
1299|Entomology Greenhouse|2027 NATURAL AREA DR|GAINESVILLE|FL|1
1300|Vet Med Chemical Storage|1951 SW 16TH AV|GAINESVILLE|FL|1
1301|Greenhouse|2027 NATURAL AREA DR|GAINESVILLE|FL|1
1302|Greenhouse|2027 NATURAL AREA DR|GAINESVILLE|FL|1
1303|Greenhouse|2027 NATURAL AREA DR|GAINESVILLE|FL|1
1304|Greenhouse|2027 NATURAL AREA DR|GAINESVILLE|FL|1
1305|Greenhouse|2027 NATURAL AREA DR|GAINESVILLE|FL|1
1306|Greenhouse|2027 NATURAL AREA DR|GAINESVILLE|FL|1
1344|Storage Bldg|2005 SW 23RD ST|GAINESVILLE|FL|1
1354|Greenhouse|2005 SW 23RD ST|GAINESVILLE|FL|1
1355|Polyhouse|2475 MEMORIAL RD|GAINESVILLE|FL|1
1356|Environmental Hort Support|2977 SW 23RD TER|GAINESVILLE|FL|7
1357|Storage|2027 NATURAL AREA DR|GAINESVILLE|FL|1
1358|Entomology Shadehouse, North|2027 NATURAL AREA DR|GAINESVILLE|FL|1
1359|Entomology Shadehouse, South|2027 NATURAL AREA DR|GAINESVILLE|FL|1
1360|Greenhouse|2027 NATURAL AREA DR|GAINESVILLE|FL|1
1361|Greenhouse|2027 NATURAL AREA DR|GAINESVILLE|FL|1
1362|Greenhouse|2027 NATURAL AREA DR|GAINESVILLE|FL|1
1363|Greenhouse|2475 MEMORIAL RD|GAINESVILLE|FL|1
1364|Greenhouse|2475 MEMORIAL RD|GAINESVILLE|FL|2
1371|Animal Care Extension Facility 1|2392 SW 23RD ST|GAINESVILLE|FL|20
1373|Head House|2005 SW 23RD ST|GAINESVILLE|FL|1
1375|Clinical and Translational Research Building|2004 MOWRY RD|GAINESVILLE|FL|485
1376|Cancer/Genetics Research Complex|2033 MOWRY RD|GAINESVILLE|FL|769
1377|Emerging Pathogens Institute|2055 MOWRY RD|GAINESVILLE|FL|449
1378|Chilled Water Plant #10|2163 MOWRY RD|GAINESVILLE|FL|9
1379|Aquatic Pathobiology|2173 MOWRY RD|GAINESVILLE|FL|41
1747|Police UHF Radio Tower|1569 MUSEUM RD|GAINESVILLE|FL|1
1748|Police VHF Radio Tower|1571 MUSEUM RD|GAINESVILLE|FL|1
1749|Health Center Radio Tower|UNK|GAINESVILLE|FL|1
1774|Attendant Booth at Cultural Plaza Parking|3203 HULL RD|GAINESVILLE|FL|1
1775|Attendant Booth at Orthopaedics Parking|UNK|GAINESVILLE|FL|1
2013|Shands Cancer Center|1515 SW ARCHER ROAD|GAINESVILLE|FL|14
2014|UF Shands AHC, IT Services|3011 SW WILLISTON RD|GAINESVILLE|FL|3
2020|Aging Temporary Building|2199 MOWRY RD|GAINESVILLE|FL|47
3001|Winn-Dixie Hope Lodge|2121 SW 16TH ST|GAINESVILLE|FL|1
3005|Magnetic Resonance Imaging|UNK|GAINESVILLE|FL|26